source	target
1	13
1	11
1	6
1	3
1	4
1	5
1	15
1	14
1	7
1	8
1	12
1	9
1	10
1	16
2	1
2	18
2	19
2	20
2	21
2	22
2	23
2	24
2	25
2	26
2	27
2	28
2	29
2	30
2	31
2	32
2	33
2	34
2	35
2	36
2	37
2	38
2	39
2	40
2	41
2	42
2	43
2	44
2	45
2	46
2	47
2	48
2	49
2	50
2	51
2	52
2	53
2	54
2	55
2	56
2	57
2	58
2	16
2	59
2	60
2	61
2	62
2	63
2	64
2	65
2	66
2	67
2	68
2	69
2	70
2	71
2	72
2	73
2	74
2	75
2	76
2	77
2	78
2	79
2	80
2	81
2	82
2	83
2	84
2	85
2	86
2	87
2	88
2	89
2	90
2	91
2	92
2	93
2	94
2	95
2	96
2	97
2	98
2	99
2	100
2	101
2	102
2	103
2	104
2	105
2	106
2	107
2	108
2	109
2	110
2	111
2	112
2	113
2	114
2	115
2	116
2	117
2	118
2	119
2	120
2	121
2	122
2	123
2	124
2	125
2	126
2	127
2	128
2	129
2	130
2	131
2	132
2	133
2	134
2	135
2	136
2	137
2	138
2	139
2	140
2	141
2	142
2	143
2	144
2	145
2	146
2	147
2	148
2	149
2	150
2	151
2	152
2	153
2	154
2	155
2	156
2	157
2	158
2	159
2	160
2	161
2	162
2	163
2	164
2	165
2	166
2	167
2	168
2	169
2	170
2	171
2	172
2	173
3	1
3	807726
3	1381344
4	1
5	1
5	178
5	175
5	179
5	180
5	182
5	183
5	174
5	184
5	185
5	181
5	176
5	187
5	188
6	1
6	48017
6	307866
6	320079
6	620900
7	1
7	225
7	217
7	206
7	203
7	207
7	194
7	208
7	204
7	202
7	193
7	201
7	211
7	221
7	21
7	90
7	13
7	227
7	191
7	200
7	199
7	198
7	205
7	219
7	212
7	220
7	192
7	218
7	213
7	210
7	209
7	228
7	224
7	222
7	229
7	230
7	231
7	226
7	214
7	232
7	233
7	234
7	235
7	236
8	1
8	247089
8	869832
8	880477
9	1
9	350
9	371
9	373
9	5056
9	6899
9	7145
9	7839
9	10739
9	13411
9	17818
9	18132
9	74533
9	104743
9	121505
9	139927
9	147289
9	150049
9	153188
9	153189
9	153181
9	153250
9	154989
9	154991
9	156756
9	161175
9	162067
9	220348
9	268609
9	268618
9	655717
9	863419
9	882339
9	1013673
9	1473438
10	1
10	286
10	288
10	285
10	33
10	241
10	282
10	283
10	238
10	190
10	242
10	268
10	269
10	253
10	261
10	290
10	60
10	251
10	249
10	250
10	247
10	244
10	248
10	245
10	260
10	277
10	264
10	258
10	294
10	295
10	265
10	275
10	267
10	262
10	62
10	293
10	266
10	291
10	271
10	272
10	284
10	259
10	254
10	273
10	257
10	279
10	263
10	274
10	255
10	270
10	280
10	278
10	134
10	276
10	208
10	296
10	297
10	298
10	299
10	300
10	301
10	302
10	303
10	304
10	305
10	236
11	1
11	310
11	309
11	308
11	313
11	316
11	333
11	331
11	319
11	322
11	320
11	307
11	221
11	332
11	306
11	315
11	314
11	324
11	323
11	336
11	334
11	335
11	321
11	327
11	213
11	330
11	326
11	325
11	318
11	328
11	317
11	338
11	337
11	311
11	339
11	312
11	340
11	341
11	342
11	343
11	344
11	345
11	346
11	347
11	348
12	1
12	349
12	350
12	351
12	352
12	353
12	354
12	355
12	356
12	357
12	358
12	359
12	360
12	361
12	362
12	363
12	364
12	365
12	366
12	367
12	368
12	369
12	370
12	371
12	372
12	373
12	374
12	375
12	376
12	377
12	378
12	379
12	380
12	381
12	382
12	383
12	384
12	385
12	386
12	387
12	388
12	389
13	1
13	7
13	392
13	407
13	408
13	396
13	397
13	398
13	411
13	399
13	412
13	402
13	403
13	404
13	413
13	405
13	9090
13	10150
13	159316
14	1
14	350
14	371
14	373
14	5056
14	7714
14	9814
14	18125
14	18132
14	99843
14	122795
14	138783
14	184377
14	219725
14	237918
14	516321
14	646203
14	1482970
15	1
15	11148
15	223368
15	260178
16	2
16	423
16	424
16	425
16	426
16	427
16	428
17	10
17	435
17	436
17	437
17	438
17	439
17	261
17	440
17	441
17	442
17	443
17	444
17	445
17	446
17	447
18	451
18	46
18	40
18	461
18	91
18	2
18	22
18	43
18	416
18	462
18	450
18	455
18	106
18	459
18	460
18	465
18	92
18	463
18	29
18	464
18	448
18	453
18	452
18	163
18	456
18	57
18	56
18	54
18	466
18	124
18	155
18	139
18	153
18	159
18	162
18	467
18	468
18	469
19	542
19	576
19	57
19	634
19	503
19	499
19	629
19	610
19	630
19	616
19	568
19	553
19	571
19	622
19	618
19	577
19	578
19	549
19	60
19	575
19	520
19	591
19	570
19	515
19	556
19	579
19	550
19	163
19	547
19	584
19	509
19	495
19	545
19	489
19	609
19	564
19	516
19	513
19	524
19	539
19	605
19	631
19	506
19	632
19	626
19	492
19	511
19	615
19	544
19	546
19	624
19	574
19	534
19	517
19	522
19	561
19	2
19	501
19	613
19	602
19	604
19	543
19	612
19	530
19	519
19	608
19	551
19	599
19	488
19	487
19	623
19	560
19	589
19	497
19	633
19	583
19	596
19	587
19	586
19	555
19	529
19	475
19	606
19	533
19	620
19	603
19	493
19	531
19	535
19	557
19	627
19	628
19	635
19	536
19	540
19	572
19	508
19	581
19	580
19	525
19	562
19	507
19	538
19	532
19	510
19	619
19	600
19	598
19	521
19	607
19	567
19	617
19	614
19	526
19	585
19	590
19	592
19	593
19	594
19	588
19	558
19	552
19	504
19	636
19	637
19	638
19	639
19	640
19	641
19	642
19	643
19	644
19	645
19	646
19	647
19	648
19	649
19	650
19	651
19	652
19	653
19	654
19	655
19	656
19	657
19	658
19	659
19	660
19	661
19	662
19	663
19	664
19	140
19	665
19	666
19	667
19	668
19	669
19	670
19	671
19	672
19	673
19	674
19	675
19	676
19	677
19	678
19	679
19	680
19	681
19	682
19	683
19	684
19	685
19	686
19	687
19	688
19	689
19	690
19	691
19	692
19	693
19	694
20	85
20	116
20	100
20	531
20	1353
20	1641
20	1441
20	1934
20	2560
20	5303
20	6558
20	6643
20	6714
20	27186
20	36416
20	57242
20	98523
21	7
21	40
21	173
21	288
21	99
21	208
21	283
21	60
21	1886
21	2930
21	2933
21	3188
21	190
21	195
21	5014
21	5843
21	6100
21	6481
21	7987
21	8093
21	8235
21	8645
21	10633
21	19931
21	19917
21	24996
21	26397
21	27010
21	38655
21	39322
21	39445
21	71780
21	182404
21	662125
22	18
22	29
22	62
22	47
22	64
22	65
22	94
22	56
22	172
22	155
22	132
22	142
22	156
22	89
22	73
22	101
22	148
22	162
22	106
22	163
22	461
22	613
22	466
22	1292
22	1298
22	1171
22	1504
22	1669
22	1930
22	2154
22	2407
22	2973
22	2971
22	3011
22	2915
22	4698
22	4684
22	6647
22	6646
22	8473
22	28270
23	41
23	458
23	1143
23	1148
23	1322
23	1323
23	1324
23	1325
23	1152
23	1326
23	1327
23	1328
23	1331
23	1333
23	1335
23	3234
23	3942
23	4415
23	5302
23	12909
23	13192
23	13066
23	13725
23	14871
23	15125
23	15194
23	15988
23	19906
23	23861
23	25930
23	27622
23	27693
23	27599
23	27937
23	33391
23	34237
23	34871
23	35064
23	193281
23	273038
23	373612
23	373762
23	411377
24	47
24	432
24	561
24	2
24	431
24	430
24	695
24	696
24	697
24	698
24	469
24	699
24	700
24	63
24	701
24	93
24	702
24	703
24	704
24	68
24	705
24	706
24	46
24	707
24	708
24	709
24	30
24	710
24	58
24	711
24	712
24	713
24	714
24	715
24	716
24	74
24	78
24	62
24	717
24	718
24	719
24	720
24	109
24	721
24	722
24	723
24	724
24	160
24	32
24	117
24	725
24	75
24	726
24	727
24	728
24	729
24	730
24	731
24	732
24	733
24	734
24	735
24	736
24	56
24	737
24	132
24	738
24	739
24	740
24	741
24	742
24	743
24	744
24	144
24	745
24	148
24	80
24	746
24	747
24	87
24	151
24	748
24	154
24	749
25	809
25	802
25	106
25	91
25	820
25	818
25	796
25	771
25	798
25	807
25	799
25	789
25	793
25	433
25	787
25	792
25	2
25	450
25	790
25	756
25	770
25	805
25	816
25	59
25	780
25	37
25	801
25	784
25	778
25	460
25	40
25	761
25	605
25	804
25	768
25	810
25	785
25	763
25	241
25	753
25	779
25	774
25	786
25	781
25	490
25	53
25	783
25	806
25	716
25	773
25	764
25	791
25	814
25	769
25	772
25	750
25	811
25	812
25	766
25	124
25	468
25	762
25	808
25	800
25	765
25	813
25	788
25	819
25	817
25	803
25	794
25	821
25	822
25	98
25	823
25	824
25	61
25	108
25	825
25	826
25	827
25	828
25	829
25	830
25	831
25	832
25	833
25	834
25	835
25	836
25	837
25	838
25	839
25	840
25	841
25	453
25	842
25	843
25	844
25	845
25	846
25	847
25	848
25	849
25	850
25	851
25	852
25	853
25	854
25	159
25	855
25	153
25	856
25	51
25	616
25	857
25	858
25	859
25	860
26	515
26	639
26	1555
26	3831
26	4895
26	5410
26	5852
26	7631
26	8471
26	9340
26	10181
26	10634
26	11151
26	14269
26	16331
26	16479
26	17091
26	17170
26	17161
26	17172
26	17174
26	21231
26	39174
26	39271
26	51164
26	58060
26	68880
26	82330
26	107188
26	178886
26	184506
26	299269
26	351595
27	58
27	158
27	434
27	580
27	619
27	872
27	887
27	888
27	873
27	933
27	904
27	890
27	746
27	921
27	905
27	875
27	935
27	936
27	891
27	922
27	892
27	947
27	938
27	925
27	927
27	895
27	952
27	953
27	864
27	931
27	916
27	884
27	885
27	942
27	897
27	866
27	898
27	900
27	957
27	901
27	958
27	1273
27	1627
27	1821
27	1864
27	2600
27	2236
27	3006
27	3552
27	3808
27	3675
27	4209
27	7269
27	7290
27	7661
27	9732
27	10506
27	11412
27	11848
27	13269
27	14831
27	17896
27	17910
27	18583
27	18963
27	20453
27	20221
27	20647
27	21395
27	22471
27	24659
27	25019
27	25421
27	25867
27	25604
27	27282
27	30044
27	36437
27	39761
27	45044
27	47711
27	48038
27	48787
27	65012
27	80051
27	89793
27	111249
27	187194
27	272905
27	418496
28	114
28	978
28	964
28	1007
28	1008
28	966
28	1009
28	982
28	967
28	985
28	988
28	1001
28	1012
28	969
28	1003
28	971
28	1013
28	973
28	960
28	974
28	1006
28	1015
28	976
28	1016
28	1020
28	3771
28	17194
28	50400
29	18
29	40
29	153
29	56
29	155
29	57
29	142
29	91
29	75
29	159
29	106
29	162
29	163
29	457
29	461
29	619
29	571
29	1052
29	1041
29	1061
29	1047
29	1048
29	1050
29	1051
29	1027
29	1036
29	3761
30	62
30	47
30	63
30	68
30	132
30	58
30	116
30	75
30	163
30	655
30	731
30	1069
30	1071
30	1084
30	1087
30	1072
30	1088
30	1074
30	1077
30	1078
30	1079
30	1093
30	1095
30	4625
30	17677
31	1128
31	1108
31	2
31	430
31	33
31	699
31	51
31	1126
31	1110
31	163
31	53
31	1033
31	91
31	450
31	1104
31	1106
31	1102
31	1101
31	1120
31	1125
31	416
31	1118
31	1116
31	1100
31	131
31	1111
31	1124
31	1122
31	130
31	1113
31	71
31	80
31	1117
31	1121
31	1119
31	665
31	1112
31	1114
31	619
31	133
31	1098
31	1127
31	83
31	124
31	1129
31	1130
31	1131
31	1132
31	738
31	125
31	487
31	1133
31	112
32	1161
32	1170
32	1177
32	37
32	1025
32	1175
32	1182
32	1178
32	1183
32	2
32	554
32	1147
32	1172
32	1141
32	36
32	1167
32	1171
32	1169
32	1151
32	68
32	1034
32	1148
32	1131
32	1139
32	1144
32	1146
32	1158
32	1184
32	1187
32	1159
32	1179
32	1176
32	1160
32	93
32	1145
32	1173
32	1185
32	1166
32	1164
32	135
32	1180
32	559
32	1181
32	1165
32	1154
32	1157
32	1168
32	137
32	1163
32	1186
32	124
32	1140
32	1162
32	129
32	1188
32	1189
32	1190
32	1191
32	1192
32	1193
32	1194
32	1195
32	96
32	1196
32	1197
32	1198
32	1199
32	1200
32	1201
32	1202
32	1203
32	1204
32	1205
32	1206
32	1207
32	1208
32	1209
32	115
32	1210
33	10
33	31
33	80
33	85
33	279
33	100
33	208
33	268
33	724
33	731
33	1128
33	1232
33	1101
33	1523
33	2689
33	2862
33	3330
33	3280
33	3401
33	3403
33	5338
33	8043
33	8180
33	8899
33	9059
33	11475
33	13598
33	26143
33	31009
33	31010
33	36787
33	40277
33	39704
33	76507
34	30
34	1231
34	1228
34	163
34	1229
34	1260
34	695
34	1219
34	1241
34	1247
34	504
34	85
34	1217
34	1233
34	814
34	1258
34	1227
34	1254
34	1252
34	1239
34	761
34	1257
34	1256
34	1234
34	1240
34	67
34	1073
34	1249
34	1259
34	2
34	1245
34	1246
34	1243
34	1253
34	1242
34	1238
34	75
34	1250
34	1255
34	1223
34	78
34	1248
34	1050
34	1224
34	1244
34	1251
34	1215
34	1262
34	1263
34	1264
34	1265
34	1266
34	1267
34	1268
34	1269
34	1270
34	1271
34	1272
34	663
34	1273
34	1086
34	1274
34	152
34	1275
34	1276
34	1277
34	148
34	947
34	1278
34	1279
34	819
34	572
34	1280
34	1281
34	1282
34	1283
34	1284
34	1285
34	1286
34	1287
34	1288
34	1289
34	1290
34	1291
35	62
35	55
35	85
35	140
35	96
35	59
35	514
35	619
35	535
35	590
35	716
35	598
35	736
35	1190
35	1260
35	1549
35	1396
35	1587
35	1834
35	1792
35	1691
35	2063
35	5256
35	6639
35	6724
35	13609
35	20222
35	20802
35	27243
35	27473
35	34070
35	36416
35	38815
35	130689
35	1439501
36	32
36	1177
36	1292
36	1172
36	115
36	1034
36	1146
36	1200
36	2
36	1186
36	1192
36	1134
36	1163
36	129
36	1180
36	1293
36	1171
36	96
36	1294
37	25
37	32
37	115
37	163
37	964
37	1417
37	1477
37	2160
37	12062
37	13776
37	16223
37	39445
37	45556
37	50558
37	68532
37	231412
38	11254
38	16570
38	21250
38	26900
38	38036
38	44742
39	559
39	1392
39	1452
39	3572
39	3936
39	7260
39	7733
39	11763
39	11912
39	14113
39	14511
39	18141
39	18398
39	18666
39	18942
39	20520
39	21566
39	22441
39	22514
39	25610
39	26805
39	27404
39	29564
39	31642
39	31777
39	32686
39	33575
39	37683
39	38392
39	38572
39	38385
39	53555
39	62877
39	64727
39	70662
39	77086
39	82476
39	91742
39	106693
39	121200
39	129874
39	160982
39	187225
39	206039
39	284828
39	305883
39	340085
39	340243
40	18
40	25
40	29
40	1309
40	1303
40	454
40	1171
40	467
40	461
40	451
40	43
40	459
40	106
40	1299
40	964
40	1296
40	1295
40	1301
40	1300
40	462
40	98
40	455
40	91
40	21
40	163
40	456
40	139
40	1307
40	1308
40	1306
40	83
40	1302
40	465
40	2
40	1310
40	1298
40	1054
40	1114
40	1297
40	124
40	54
40	151
40	153
40	1313
41	16
41	1329
41	1323
41	1330
41	1326
41	1327
41	1135
41	1324
41	1314
41	1315
41	1318
41	1321
41	1328
41	1331
41	2
41	66
41	1333
41	54
41	23
41	1325
41	1334
41	57
41	53
41	105
41	1335
41	121
41	101
41	1336
41	1337
41	22
41	1338
41	149
42	1362
42	492
42	1360
42	1375
42	1366
42	1376
42	1373
42	911
42	1369
42	1377
42	1350
42	1349
42	535
42	1374
42	1359
42	1368
42	1365
42	2
42	1310
42	1356
42	486
42	1358
42	1370
42	1354
42	1363
42	1357
42	508
42	1361
42	102
42	1341
42	1371
42	1367
42	1364
42	1378
42	1379
42	1380
42	670
42	1381
42	1382
42	1383
42	1384
42	1385
43	18
43	40
43	1073
43	1423
43	1401
43	1415
43	78
43	2
43	1404
43	1420
43	56
43	457
43	1403
43	1406
43	1390
43	1386
43	1424
43	1392
43	810
43	467
43	1421
43	1419
43	1416
43	1389
43	1409
43	911
43	46
43	1399
43	1413
43	1418
43	1405
43	1398
43	1412
43	1417
43	1410
43	1400
43	1408
43	1387
43	1391
43	1388
43	1393
43	1402
43	106
43	1394
43	462
43	1012
43	1414
43	172
43	1425
43	1411
43	1426
43	1427
43	1428
43	1429
43	1430
43	1431
43	636
43	642
43	1432
43	1433
43	1434
43	1435
43	1436
43	1437
43	1438
43	1439
43	138
43	1440
43	96
43	1441
43	1442
43	168
43	1443
43	1444
43	159
43	1445
43	1446
43	1447
43	1448
43	1449
43	1450
43	1451
43	1297
43	153
43	1313
44	107
44	137
44	63
44	125
44	83
44	98
44	588
44	617
44	628
44	655
44	832
44	732
44	1114
44	1128
44	1122
44	1280
44	1163
44	1210
44	1271
44	1260
44	1306
44	1273
44	1477
44	1668
44	1789
44	1663
44	1498
44	1864
44	1545
44	1823
44	1898
44	2022
44	2656
44	2863
44	3438
44	5750
44	6012
44	6339
44	8083
44	12647
44	12880
44	13260
44	16941
44	17457
44	18359
44	20878
44	24366
44	25693
44	27536
44	32898
44	32877
44	33341
44	33893
44	36469
44	42439
44	45042
44	48809
44	50988
44	55459
44	90230
44	185398
44	382238
44	1390534
45	85
45	100
45	2075
45	2423
45	7081
45	8549
45	9070
45	9811
45	10761
45	16244
45	22299
45	30161
45	37593
45	45202
45	95156
45	112306
45	209542
45	221224
45	287764
45	933966
46	18
46	30
46	43
46	62
46	168
46	113
46	56
46	132
46	96
46	512
46	469
46	457
46	619
46	729
46	732
46	1202
46	1100
46	1391
46	1095
46	1519
46	1409
46	1498
46	1695
46	2029
46	2817
46	2914
46	3088
46	3859
46	4212
46	4465
46	4691
46	5089
46	7249
46	8473
46	6234
46	12514
46	13020
46	13427
46	17006
46	19386
46	19745
46	24025
46	34606
46	54898
46	69082
46	72965
46	130362
47	30
47	62
47	1459
47	709
47	1519
47	1544
47	1309
47	1506
47	724
47	1525
47	1541
47	1546
47	1552
47	1551
47	2
47	22
47	1548
47	1508
47	1547
47	451
47	1486
47	109
47	1489
47	68
47	1481
47	73
47	1461
47	1462
47	1148
47	1490
47	1455
47	1520
47	1495
47	1505
47	1512
47	1463
47	94
47	1484
47	93
47	1485
47	1550
47	1483
47	1467
47	1538
47	1540
47	1487
47	1460
47	1549
47	1494
47	1543
47	1517
47	1491
47	1492
47	1488
47	96
47	1054
47	464
47	129
47	1522
47	1537
47	24
47	1504
47	1553
47	1535
47	1111
47	741
47	1466
47	1542
47	1509
47	1511
47	1134
47	160
47	1669
47	1670
47	1335
47	1298
47	1671
47	1672
47	1673
47	1674
47	154
47	1699
47	1700
47	1701
47	105
47	1702
47	1703
47	132
47	156
48	507
48	683
48	1394
48	1793
48	1837
48	1849
48	1781
48	1922
48	1908
48	1839
48	1852
48	1973
48	1855
48	1841
48	1843
48	1919
48	1846
48	12291
48	20334
48	22764
48	68662
49	96
49	135
49	73
49	458
49	1114
49	1222
49	1163
49	1332
49	1529
49	1901
49	2531
49	2828
49	4853
49	4691
49	7290
49	17706
49	181798
49	266530
49	1134800
49	1215050
50	957
50	1159
50	5323
50	8500
50	11328
50	13201
50	15575
50	15789
50	16528
50	18421
50	18983
50	19053
50	18689
50	21335
50	25188
50	24974
50	25976
50	25855
50	26804
50	27484
50	36199
50	38110
50	44730
50	52913
50	57484
50	72779
50	74502
50	76421
50	109785
50	121401
50	124487
50	177156
50	382615
50	798300
51	31
51	83
51	155
51	91
51	159
51	106
51	453
51	163
51	468
51	461
51	487
51	1128
51	1122
51	1210
51	1306
51	1624
51	1627
51	1768
51	2236
51	2728
51	3470
51	3482
51	6936
51	7973
51	11354
51	11531
51	11964
51	12422
51	16712
51	34262
51	83316
52	268
52	639
52	832
52	749
52	1202
52	1240
52	1417
52	2847
52	3132
52	9769
52	9775
52	9901
52	10284
52	10439
52	12423
52	16864
52	18446
52	22452
52	34334
52	49707
52	241838
53	25
53	31
53	1210
53	1477
53	2848
53	3698
53	7123
53	11052
53	45556
53	50558
54	18
54	29
54	41
54	111
54	94
54	155
54	57
54	73
54	461
54	964
54	1298
54	1210
54	1171
54	1419
54	1554
54	1456
54	1669
54	2132
54	2154
54	2160
54	2143
54	2930
54	2950
54	3011
54	3624
54	4689
54	4855
54	5078
54	5426
54	5986
54	5386
54	8151
54	14593
54	16365
54	16709
54	23927
54	28871
54	30255
54	83623
54	93622
54	232794
54	314369
54	905281
55	140
55	96
55	87
55	277
55	729
55	746
55	960
55	1624
55	1524
55	1748
55	1994
55	2583
55	2619
55	2719
55	2720
55	2660
55	2721
55	2633
55	2662
55	2634
55	2750
55	2664
55	2476
55	2578
55	2725
55	2637
55	2728
55	2581
55	2623
55	2754
55	2638
55	2657
55	2640
55	2582
55	2625
55	2627
55	4192
55	5630
55	17492
55	135291
56	18
56	29
56	43
56	168
56	1546
56	2910
56	2338
56	1409
56	2880
56	46
56	3009
56	511
56	2885
56	1526
56	1709
56	3059
56	2912
56	1073
56	2301
56	22
56	2
56	3062
56	2973
56	2483
56	3058
56	106
56	2450
56	2467
56	2913
56	462
56	2876
56	73
56	2914
56	2875
56	1670
56	1525
56	1421
56	3014
56	3011
56	2232
56	1415
56	1930
56	1416
56	3063
56	2881
56	124
56	1418
56	101
56	2523
56	2153
56	1554
56	2971
56	2029
56	2521
56	1410
56	3057
56	2969
56	2438
56	2522
56	844
56	3064
56	96
56	3060
56	3061
56	89
56	2972
56	2970
56	469
56	2877
56	1132
56	2435
56	1414
56	2909
56	2878
56	1511
56	2159
56	2884
56	3010
56	457
56	3012
56	1450
56	1298
56	3415
56	3417
56	3418
56	3420
56	1444
56	3422
56	647
56	1054
57	18
57	19
57	29
57	62
57	153
57	130
57	155
57	3822
57	2
57	1053
57	3761
57	1409
57	461
57	3760
57	3758
57	3759
57	54
57	610
57	3626
57	1042
57	1051
57	1056
57	1202
57	3860
57	3547
57	106
57	3623
57	3527
57	462
57	1040
57	531
57	1024
57	1034
57	3535
57	3824
57	1207
57	1058
57	1060
57	2487
57	3634
57	1059
57	3541
57	3632
57	162
57	3625
57	101
57	1050
57	78
57	1027
57	3816
57	3757
57	124
57	3754
57	71
57	1057
57	1037
57	145
57	3762
57	1045
57	1046
57	1047
57	3763
57	1049
57	1509
57	3633
57	3756
57	133
57	3631
57	75
57	134
57	2556
57	2499
57	1334
57	4189
57	3064
57	4191
57	127
57	4192
57	151
57	4195
57	4291
57	163
57	1052
57	4294
57	4295
57	4296
57	1536
58	27
58	30
58	62
58	63
58	172
58	114
58	68
58	115
58	5011
58	3403
58	5354
58	4961
58	4942
58	5092
58	2978
58	4827
58	5017
58	5599
58	5146
58	948
58	2232
58	4945
58	2864
58	5267
58	954
58	4834
58	4959
58	5141
58	3532
58	2379
58	3723
58	1719
58	2480
58	5375
58	5270
58	5087
58	3127
58	5085
58	3761
58	1033
58	5010
58	5595
58	1449
58	4588
58	4714
58	2
58	430
58	3085
58	4535
58	4717
58	5020
58	5381
58	4528
58	4947
58	4954
58	4940
58	5493
58	5256
58	4715
58	5090
58	5379
58	4820
58	5009
58	1792
58	4943
58	4707
58	5019
58	1672
58	5486
58	2440
58	3469
58	5253
58	5481
58	5013
58	4706
58	1396
58	4533
58	4831
58	4821
58	5005
58	4958
58	5143
58	4520
58	1928
58	81
58	4960
58	4704
58	884
58	5598
58	5501
58	5094
58	3527
58	5361
58	5657
58	5373
58	5149
58	5597
58	5600
58	5380
58	5260
58	5008
58	5269
58	1484
58	4332
58	4516
58	5377
58	5014
58	1012
58	5356
58	1477
58	1023
58	5147
58	2885
58	5258
58	1393
58	5086
58	4949
58	5500
58	744
58	4705
58	5359
58	5503
58	4826
58	4539
58	3713
58	5006
58	5482
58	5656
58	148
58	4951
58	5123
58	5483
58	5142
58	2931
58	2915
58	3064
58	1388
58	5484
58	958
58	5365
58	3428
58	747
58	5095
58	716
58	144
58	5089
58	5088
58	4955
58	5264
58	5358
58	5144
58	5255
58	101
58	5093
58	5012
58	2917
58	1565
58	4832
58	736
58	5150
58	1712
58	4939
58	5271
58	2381
58	24
58	3854
58	4956
58	3889
58	4952
58	495
58	1073
58	5145
58	5596
58	2895
58	5082
58	4470
58	5601
58	5084
58	5367
58	5080
58	5262
58	5091
58	4944
58	5378
58	5272
58	5495
58	5363
58	2382
58	6573
58	6574
58	6575
58	6576
58	6577
58	6578
58	6579
58	6580
58	6581
58	6582
58	6583
58	6584
58	6585
58	6586
58	825
58	1492
58	6652
58	839
58	6653
58	6654
58	6655
58	6656
58	6657
58	6658
58	6659
58	3800
58	785
58	6660
58	6661
58	6663
58	1140
58	6665
58	4294
58	6753
58	6755
58	2447
58	6756
58	6757
58	2370
58	6758
58	6759
58	6760
58	6761
58	6762
58	6763
58	739
58	6764
58	6765
58	6766
58	1084
58	6767
58	6768
58	6788
58	6789
58	6790
58	6791
58	6792
58	1389
58	6793
58	6794
58	647
58	6795
58	5128
58	3759
58	6798
58	6800
59	25
59	63
59	68
59	35
59	7126
59	6639
59	7129
59	7023
59	2150
59	7304
59	7289
59	7295
59	7123
59	2
59	7305
59	7128
59	7114
59	7025
59	7127
59	7012
59	7004
59	7019
59	7009
59	7130
59	7011
59	7014
59	7121
59	7020
59	7302
59	7117
59	4622
59	7307
59	7124
59	7015
59	7013
59	5710
59	662
59	7131
59	7297
59	3563
59	2127
59	7017
59	7298
59	7667
59	7668
59	7669
59	7670
59	7671
59	7672
59	7673
59	7674
59	7675
59	7676
59	7677
59	7678
59	7679
59	7680
59	7681
59	3730
59	732
59	7683
59	7763
59	7764
59	7765
59	7766
59	7767
59	7768
59	7769
59	7770
59	7771
59	7772
59	7773
59	1444
59	2661
59	1713
59	7775
59	5190
59	7778
59	7780
59	4804
59	7782
59	7837
59	6931
59	106
60	10
60	19
60	173
60	244
60	99
60	278
60	279
60	263
60	283
60	208
60	238
60	286
60	268
60	300
60	301
60	716
60	1183
60	1532
60	1503
60	1567
60	1610
60	1838
60	1749
60	1886
60	2075
60	1711
60	1920
60	2371
60	2423
60	3040
60	3190
60	3741
60	190
60	4698
60	4470
60	5014
60	5704
60	5843
60	6340
60	6752
60	6372
60	6963
60	6705
60	7084
60	7220
60	7281
60	7270
60	7228
60	7999
60	7986
60	8118
60	7988
60	8093
60	8163
60	8239
60	8167
60	8254
60	8243
60	8256
60	8114
60	8116
60	8170
60	8259
60	8173
60	8260
60	8174
60	8537
60	8350
60	8553
60	8540
60	8532
60	8235
60	8643
60	8533
60	8248
60	8543
60	8535
60	8365
60	8251
60	8752
60	8645
60	8631
60	8768
60	8778
60	8754
60	8549
60	8898
60	8639
60	8647
60	8899
60	8975
60	8977
60	8651
60	8641
60	8759
60	8982
60	8889
60	8905
60	9070
60	8906
60	9058
60	9073
60	9059
60	8893
60	8895
60	10565
60	10568
60	10639
60	10571
60	10640
60	10761
60	10633
60	10634
60	10574
60	12042
60	14432
60	16139
60	17194
60	17185
60	18653
60	20799
60	22832
60	25182
60	37448
60	43349
60	66484
60	67183
60	177384
61	31
61	125
61	65
61	83
61	98
61	159
61	161
61	106
61	5405
61	5409
61	5390
61	450
61	487
61	1033
61	124
61	2
61	7489
61	11041
62	10
62	29
62	30
62	47
62	741
62	1515
62	1516
62	63
62	24
62	431
62	268
62	707
62	1479
62	600
62	1528
62	1474
62	948
62	1524
62	46
62	709
62	469
62	920
62	430
62	22
62	1530
62	2
62	1051
62	1526
62	1498
62	1534
62	1076
62	928
62	58
62	57
62	1533
62	1531
62	1472
62	1154
62	731
62	35
62	1536
62	276
62	460
62	1521
62	1496
62	1469
62	1477
62	1510
62	1391
62	93
62	913
62	1418
62	68
62	1497
62	1513
62	78
62	80
62	1475
62	270
62	1523
62	1471
62	1532
62	1599
62	1600
62	1601
62	1602
62	1603
62	1604
62	154
62	117
62	1605
62	1607
62	1608
62	749
62	1609
62	1610
62	1611
62	1612
62	1084
62	1613
62	1615
62	1625
62	1626
62	208
62	1087
62	1627
62	1628
62	1629
62	1630
62	538
62	1631
62	1633
62	1635
62	1088
62	1636
62	1637
62	140
62	1050
62	1639
62	1641
62	1643
62	1704
62	96
62	1097
62	1705
62	1306
62	1439
62	1706
62	160
62	1707
62	1708
62	738
62	56
62	1709
62	1710
62	151
62	1227
62	153
62	163
62	1714
62	132
62	1768
62	1769
62	1438
62	148
62	162
62	1770
62	1771
62	1734
62	1772
63	30
63	47
63	62
63	68
63	58
63	75
63	148
63	163
63	432
63	800
63	825
63	1087
63	1065
63	1132
63	1523
63	1524
63	1587
63	1880
63	2012
63	1942
63	2005
63	1945
63	2017
63	1872
63	2092
63	1874
63	2165
63	2207
63	1935
63	2313
63	2317
63	2210
63	2085
63	1889
63	1890
63	2203
63	2320
63	2205
63	2171
63	2400
63	2401
63	4819
63	8473
63	14447
63	14128
63	15739
63	20375
63	31639
63	31744
63	56748
63	66623
63	834306
63	1063351
64	137
64	80
64	2624
64	2626
64	1166
64	1985
64	1110
64	2548
64	2561
64	1617
64	2649
64	2621
64	2555
64	2652
64	2620
64	22
64	2558
64	2622
64	2651
64	2
64	2654
64	909
64	469
64	2618
64	2655
64	2168
64	1168
64	2540
64	1652
64	2551
64	2628
64	2562
64	139
64	2553
64	2656
64	2631
64	1917
64	2543
64	2242
64	2653
64	2546
64	1186
64	2554
64	2789
64	2790
64	2791
64	2792
64	46
64	2793
64	2794
64	2795
64	2796
64	1131
64	2797
64	2461
64	2799
64	2801
64	2802
64	2804
64	2028
64	2843
64	719
64	2236
64	665
64	2844
64	2845
64	2846
64	2847
64	1498
64	2848
64	2849
64	1289
64	163
64	2055
64	2266
64	2850
64	2851
64	2852
65	2
65	22
65	1033
65	61
65	161
65	133
65	1122
65	83
65	1114
65	2942
65	2943
66	41
66	47
66	73
66	135
66	458
66	694
66	1143
66	1145
66	1088
66	1292
66	1322
66	1324
66	1325
66	1316
66	1399
66	1391
66	1472
66	1326
66	1327
66	1328
66	1331
66	1332
66	1333
66	1335
66	1734
66	1629
66	1864
66	1901
66	2317
66	2584
66	3561
66	4073
66	4328
66	4691
66	4855
66	4859
66	5078
66	5300
66	5302
66	5451
66	5523
66	5431
66	5670
66	6730
66	6867
66	7123
66	12907
66	12912
66	13725
66	13942
66	14714
66	14877
66	15124
66	15125
66	15272
66	15191
66	15192
66	15194
66	17128
66	23297
66	27622
66	33962
66	33954
66	34203
66	34065
66	35749
66	55716
66	110320
66	122233
67	34
67	1274
67	1239
67	1240
67	564
67	3090
67	3177
67	1252
67	3142
67	1245
67	2233
67	695
67	1249
67	2
67	3096
67	3097
67	605
67	1264
67	3138
67	3095
67	2959
67	1226
67	3093
67	776
67	3136
67	3091
67	3089
67	1060
67	3178
67	595
67	1257
67	3144
67	3145
67	814
67	1219
67	832
67	3176
67	3175
67	1217
67	3139
67	3094
67	819
67	3147
67	3137
67	1262
67	1223
67	1185
67	1277
67	1087
67	1253
67	1258
67	3140
67	1228
67	3141
67	3143
67	1229
67	1231
67	3146
67	584
67	1241
67	3092
67	3539
67	761
67	3542
67	3544
67	3545
67	2528
67	3459
67	3548
67	1286
68	30
68	32
68	47
68	62
68	63
68	93
68	113
68	132
68	96
68	58
68	144
68	75
68	148
68	165
68	432
68	741
68	716
68	916
68	1084
68	1174
68	1145
68	1146
68	1192
68	901
68	1131
68	1148
68	1004
68	1298
68	1134
68	1168
68	1391
68	1155
68	1156
68	1549
68	1505
68	1522
68	1396
68	1587
68	1515
68	1628
68	1772
68	1834
68	1498
68	1699
68	2014
68	1846
68	2319
68	2596
68	3061
68	2935
68	2925
68	3723
68	3711
68	3771
68	3775
68	3858
68	3859
68	3933
68	3719
68	3919
68	3922
68	3854
68	3855
68	3856
68	4295
68	6653
68	7352
68	7698
68	8473
68	21516
68	30618
69	1306
69	1595
69	2240
69	3254
69	4688
69	5508
69	6341
69	8377
69	11790
69	13015
69	17125
69	23802
69	24667
69	25958
69	29684
69	31549
69	36381
69	40538
69	42021
69	43206
69	50747
69	50845
69	50850
69	235499
69	274086
70	142
70	162
70	466
70	1316
70	1458
70	3760
70	5505
70	9686
70	23861
70	27693
70	28312
70	32773
70	311775
70	367478
70	977960
71	29
71	31
71	83
71	130
71	57
71	98
71	91
71	106
71	163
71	1272
71	1108
71	1864
71	3624
71	5394
71	5500
71	12248
71	18242
71	40801
71	163489
71	1014167
72	1447
72	1172
72	2
72	1186
72	1161
72	1025
72	1149
72	4320
72	1034
72	1504
72	4323
72	4132
72	4322
72	129
72	4321
72	1180
72	1196
72	4324
72	4325
72	4326
72	4327
72	4328
72	2338
72	4329
72	4330
73	47
73	56
73	172
73	114
73	142
73	89
73	165
73	483
73	522
73	461
73	613
73	595
73	819
73	1182
73	1132
73	1149
73	1298
73	1198
73	1171
73	1548
73	1422
73	1461
73	1409
73	1554
73	1669
73	1732
73	1483
73	1721
73	1930
73	2531
73	2522
73	2913
73	2973
73	2914
73	3063
73	3010
73	2971
73	3011
73	2777
73	3058
73	3062
73	3168
73	2921
73	3453
73	3530
73	3759
73	3763
73	3854
73	4328
73	4682
73	4595
73	4698
73	4683
73	4699
73	4793
73	4596
73	4684
73	4597
73	4804
73	4798
73	4689
73	4800
73	4516
73	5255
73	5403
73	5303
73	5406
73	5421
73	5363
73	5410
73	5412
73	6340
73	6341
73	6647
73	6649
73	6723
73	6644
73	6646
73	6726
73	6963
73	6923
73	6926
73	6660
73	6927
73	37294
74	166
74	535
74	722
74	706
74	1639
74	1718
74	2562
74	4619
74	6079
74	6341
74	11151
74	15938
74	17733
74	24674
74	25910
74	30671
74	30330
74	46066
74	75263
74	122936
74	135204
74	232319
74	253626
74	288590
74	387771
74	506513
74	527417
74	664193
74	924148
75	29
75	30
75	34
75	62
75	92
75	153
75	137
75	63
75	83
75	57
75	68
75	132
75	87
75	148
75	162
75	163
75	469
75	716
75	1087
75	1280
75	1254
75	1223
75	1246
75	1261
75	1524
75	1556
75	1498
75	2257
75	2973
75	3156
75	3755
75	4213
75	4619
75	7413
75	7487
75	7549
75	24383
75	138231
76	29
76	92
76	85
76	73
76	99
76	208
76	7456
76	7923
76	7925
76	7927
76	3389
76	7929
76	5984
76	7932
76	7933
76	7935
76	7937
76	7939
76	7940
76	7941
76	7942
76	7943
76	7944
76	7946
76	7948
76	7949
76	7413
76	8082
76	8084
76	8085
76	8087
76	2723
76	8089
76	8090
76	8091
76	3695
76	8092
76	8094
76	8095
76	2
76	8098
76	8100
76	8102
76	8104
76	8106
76	8108
76	8279
76	1347
76	8282
76	8284
76	8286
76	8288
76	5893
76	8290
76	8292
76	8293
76	8295
76	8297
76	8298
76	8300
76	8302
76	8303
76	8305
76	8307
76	1845
76	8309
76	4865
76	8421
76	8423
76	8425
76	8426
76	8158
76	8427
76	8061
76	8428
76	8429
76	8430
76	8431
76	8432
76	8434
76	2158
76	8436
76	8438
76	8440
76	8442
76	3165
76	8604
76	8606
76	8607
76	8608
76	8609
76	8610
76	8611
76	1523
76	8612
76	8613
76	4654
76	8614
76	8615
76	8616
76	8617
76	8618
76	725
76	8233
76	8619
76	8753
76	8755
76	8757
76	8758
76	8760
76	8762
76	8764
76	8766
76	8767
76	8769
76	8771
76	8773
76	8774
76	1352
76	8776
76	8777
76	8779
76	8780
76	8781
76	8782
76	8929
76	8930
76	8931
76	8932
76	8933
76	8934
76	8935
76	8936
76	8937
76	8938
76	8939
76	2718
76	8940
76	8941
76	8942
76	8943
76	8944
76	8945
76	8946
76	8947
76	9042
76	9043
76	9045
76	9046
76	9049
76	1366
76	9051
76	8974
76	9428
76	1609
76	9429
76	9430
76	9431
76	9432
76	6497
76	2043
76	9433
76	9434
76	9435
76	9437
76	9513
76	9514
76	9515
76	9516
76	9517
76	9518
76	7574
76	9519
76	7283
76	9520
76	9521
76	2996
76	9524
76	9525
76	9527
76	9528
76	9530
76	9532
76	4463
76	9615
76	9616
76	9617
76	9618
76	3068
76	9619
76	9620
76	9621
76	9622
76	9623
76	9624
76	1594
76	2098
76	9626
76	9627
76	9628
76	9629
76	9630
76	9631
76	9632
76	9723
76	9725
76	9726
76	9727
76	9728
76	2897
76	9729
76	9730
76	9731
76	9732
76	9733
76	9734
76	9735
76	9736
76	8372
76	9737
76	3099
76	9738
76	9739
76	9740
76	9777
76	9780
76	9782
76	9783
76	9784
76	7163
76	3408
76	9785
76	9786
76	9787
76	9788
76	9789
76	9790
76	9791
76	9792
76	9793
76	9794
76	9795
76	9796
76	9797
76	9911
76	9912
76	9913
76	9914
76	9915
76	9916
76	9917
76	9918
76	1058
76	9919
76	9920
76	9921
76	9922
76	9923
76	3217
76	9924
76	9925
76	574
76	2872
76	2145
76	4029
76	9994
76	9996
76	9998
76	10000
76	2452
76	10002
76	10003
76	10005
76	10007
76	10009
76	10011
76	10013
76	10015
76	10017
76	10019
76	10020
76	110
76	10117
76	10118
76	2050
76	10119
76	10120
76	10121
76	10122
76	10123
76	10124
76	7755
76	10125
76	10126
76	5935
76	10127
76	10128
76	10129
76	10130
76	10131
76	10132
76	10133
76	10186
76	10187
76	10188
76	783
76	10189
76	10190
76	10191
76	10192
76	10193
76	10194
76	10195
76	10196
76	3533
76	10197
76	10198
76	10199
76	10200
76	10201
76	10202
76	10203
76	10267
76	10268
76	10269
76	10270
76	10271
76	10272
76	10273
76	10274
76	10275
76	10276
76	10277
76	10278
76	10279
76	10280
76	10281
76	10282
76	10283
76	10284
76	10285
76	10286
76	10396
76	10397
76	10398
76	10399
76	10400
76	10401
76	10402
76	10403
76	10404
76	10405
76	10406
76	10407
76	10408
76	10409
76	10410
76	10411
76	10412
76	10413
76	10414
76	10483
76	10484
76	3706
76	10485
76	10486
76	10487
76	10488
76	10489
76	10491
76	10493
76	10494
76	10496
76	10498
76	10499
76	10500
76	10501
76	10503
76	10504
76	10506
76	10508
76	11079
76	11080
76	11081
76	2137
76	11083
76	11084
76	7640
76	11086
76	11088
76	7375
76	11090
76	11091
76	11092
76	11093
76	11094
76	11095
76	11096
76	11097
76	11098
76	11099
76	11171
76	1158
76	11172
76	3719
76	11173
76	11174
76	11175
76	11176
76	11177
76	11178
76	11179
76	11180
76	11181
76	11182
76	3056
76	11185
76	11186
76	11187
76	11188
76	497
76	11272
76	11274
76	1368
76	11275
76	11276
76	11277
76	11278
76	11279
76	3344
76	11280
76	11281
76	11282
76	11283
76	11284
76	11285
76	809
76	11286
76	11287
76	11288
76	11289
76	11356
76	11357
76	11358
76	11359
76	11360
76	11361
76	11362
76	11363
76	11364
76	11365
76	11366
76	11367
76	472
76	11368
76	3130
76	11369
76	11370
76	11371
76	8356
76	731
76	11430
76	11431
76	11432
76	11433
76	11434
76	11435
76	11436
76	11437
76	11438
76	11439
76	11440
76	11441
76	5386
76	11442
76	11443
76	3169
76	11444
76	11445
76	3421
76	11446
76	11542
76	11543
76	11544
76	643
76	11545
76	11546
76	11547
76	11548
76	11549
76	11550
76	11551
76	11552
76	11553
76	11554
76	11555
76	11556
76	11557
76	11558
76	11559
76	11629
76	11633
76	11635
76	11637
76	11639
76	551
76	11641
76	11643
76	11645
76	7970
76	8232
76	11648
76	11649
76	11651
76	2356
76	11653
76	3657
76	3948
76	11655
76	11656
76	1976
76	11837
76	11838
76	11839
76	11840
76	11841
76	2556
76	11842
76	11843
76	3074
76	11844
76	11845
76	11846
76	11847
76	11848
76	11849
76	11850
76	11851
76	11852
76	11853
76	11942
76	2547
76	11944
76	11946
76	11948
76	11950
76	11951
76	11953
76	11955
76	11957
76	11958
76	11960
76	11962
76	11964
76	11965
76	11967
76	11969
76	426
76	11972
76	2120
76	11787
76	12039
76	12040
76	1731
76	12041
76	12042
76	593
76	12043
76	12044
76	12045
76	12046
76	3092
76	12047
76	3265
76	12048
76	12049
76	12050
76	12051
76	2040
76	12130
76	12132
76	12133
76	12134
76	12135
76	12136
76	12137
76	12138
76	12139
76	1414
76	12140
76	11505
76	8899
76	12141
76	12142
76	12143
76	12144
76	12145
76	509
76	12146
76	12280
76	12281
76	12282
76	12283
76	12284
76	12285
76	12286
76	12287
76	12289
76	12176
76	12291
76	12292
76	3339
76	11778
76	12295
76	12296
76	2265
76	12298
76	12299
76	12413
76	658
76	530
76	12414
76	12415
76	12416
76	12417
76	12418
76	12419
76	12420
76	12421
76	12422
76	12423
76	12424
76	12425
76	12428
76	12430
76	12431
76	663
76	12432
76	13728
76	1864
76	13729
76	13730
76	13731
76	13732
76	2691
76	13733
76	13734
76	13735
76	7462
76	13736
76	4189
76	2843
76	13737
76	1408
76	3152
76	13738
76	6966
76	13739
76	13815
76	491
76	13816
76	13817
76	13818
76	13819
76	2058
76	13820
76	13821
76	11659
76	13822
76	13823
76	10050
76	13824
76	13825
76	13827
76	13828
76	13829
76	13830
76	13831
76	13883
76	620
76	13884
76	13886
76	2601
76	3456
76	13888
76	13890
76	13891
76	13893
76	13894
76	13895
76	2641
76	13896
76	13897
76	13898
76	13899
76	13900
76	13901
76	13902
76	14050
76	14051
76	14039
76	8561
76	14052
76	14053
76	14054
76	2248
76	14055
76	7683
76	14056
76	3893
76	14057
76	1629
76	14058
76	11534
76	14059
76	14060
76	14061
76	14198
76	11936
76	14199
76	14200
76	1732
76	14201
76	14202
76	669
76	14210
76	14211
76	14212
76	14213
76	14004
76	14214
76	14215
76	9602
76	6577
76	14216
76	14217
76	3939
76	14272
76	14273
76	14274
76	14275
76	14276
76	14277
76	14278
76	14279
76	2249
76	14280
76	7902
76	14281
76	14282
76	14283
76	14284
76	14285
76	14286
76	14287
76	14288
76	544
76	14361
76	14362
76	14363
76	14364
76	14365
76	14366
76	14367
76	14368
76	14369
76	1358
76	14370
76	14371
76	11779
76	14372
76	14373
76	14374
76	2122
76	1343
76	14375
76	14453
76	2944
76	14454
76	3125
76	14455
76	7459
76	2841
76	14456
76	14457
76	14458
76	14459
76	14460
76	14461
76	14462
76	14463
76	14464
76	14465
76	12992
76	13422
76	14466
76	14581
76	14582
76	14583
76	3025
76	5335
76	2136
76	14585
76	14587
76	14589
76	14591
76	14593
76	14595
76	14597
76	14598
76	14044
76	14601
76	14603
76	14604
76	14606
76	12644
76	8789
76	14666
76	14667
76	12222
76	14668
76	14669
76	14670
76	14671
76	14672
76	14673
76	14674
76	14675
76	14676
76	7052
76	14678
76	14680
76	14682
76	14684
76	90
76	2528
76	14739
76	14740
76	14741
76	14742
76	14743
76	14744
76	14745
76	14746
76	8121
76	14747
76	14748
76	8654
76	14749
76	14750
76	14751
76	14752
76	2151
76	14753
76	14754
76	14944
76	14946
76	14948
76	3187
76	14950
76	14952
76	3666
76	14954
76	14955
76	14956
76	14936
76	14957
76	14958
76	14959
76	14960
76	14961
76	14962
76	14963
76	14964
76	14965
76	14677
76	15042
76	15043
76	15044
76	15045
76	15046
76	15047
76	15048
76	15049
76	15050
76	15051
76	15052
76	15053
76	15054
76	15055
76	15056
76	15057
76	2159
76	3409
76	15058
76	13012
76	15131
76	15132
76	15133
76	15134
76	7926
76	15135
76	15136
76	15137
76	15138
76	3700
76	15139
76	15140
76	15141
76	15142
76	15143
76	9603
76	15144
76	13347
76	2382
76	15155
76	1228
76	15156
76	15157
76	15158
76	15159
76	15160
76	15161
76	15162
76	15163
76	15164
76	15165
76	15171
76	15172
76	12797
76	15173
76	15174
76	15175
76	15176
76	15177
76	15243
76	15244
76	15245
76	15246
76	8788
76	15247
76	13494
76	15248
76	15249
76	15250
76	15251
76	15252
76	15253
76	15254
76	15255
76	15256
76	2275
76	15257
76	15258
76	15259
76	15355
76	15356
76	15357
76	616
76	15358
76	15359
76	15360
76	15361
76	15362
76	15363
76	15364
76	15365
76	15366
76	15367
76	15368
76	15369
76	15370
76	15371
76	15372
76	15285
76	15445
76	51
76	15446
76	12335
76	15447
76	15448
76	15449
76	15450
76	15451
76	700
76	15452
76	15453
76	541
76	650
76	15454
76	15455
76	15456
76	15457
76	15458
76	15459
77	1765
77	2605
77	6800
77	9754
77	15047
77	20824
77	22083
77	29200
77	36246
77	36437
77	41094
77	42023
77	46153
77	48120
77	51099
77	62210
77	65446
77	71770
77	86083
77	148473
77	150286
77	298548
77	377058
77	379240
77	382298
77	520250
78	30
78	34
78	43
78	62
78	63
78	57
78	68
78	132
78	116
78	75
78	268
78	534
78	596
78	731
78	1051
78	854
78	1004
78	1391
78	1549
78	1438
78	1396
78	1524
78	1613
78	1528
78	1529
78	1641
78	1576
78	1772
78	1530
78	2625
78	2973
78	2995
78	3156
78	3719
78	4073
78	4459
78	6100
78	10504
78	12144
78	12755
78	13056
78	14684
78	19204
78	23884
78	23818
78	29415
78	29423
78	30460
78	31170
78	32904
78	35612
78	45153
78	47946
78	96097
78	125280
78	152756
78	219558
78	220018
78	1101192
79	137
79	1818
79	1812
79	1067
79	598
79	1070
79	133
79	1948
79	1801
79	1799
79	1725
79	1696
79	1584
79	1728
79	1789
79	1734
79	1962
79	1210
79	1716
79	1483
79	1163
79	1718
79	926
79	1826
79	1222
79	1796
79	1668
79	1794
79	1723
79	1306
79	1806
79	1667
79	538
79	1664
79	579
79	1814
79	2018
79	1964
79	1863
79	1969
79	1960
79	1956
79	1866
79	1086
79	460
79	2026
79	1873
79	2021
79	1719
79	2023
79	2
79	1259
79	1661
79	1656
79	1648
79	469
79	1659
79	1162
79	1622
79	1650
79	1657
79	2022
79	1968
79	2025
79	2029
79	1654
79	576
79	1858
79	1666
79	663
79	1717
79	1736
79	1820
79	1050
79	1270
79	1576
79	1621
79	1616
79	1652
79	1232
79	1665
79	1862
79	1864
79	610
79	1867
79	1606
79	1946
79	1952
79	1859
79	1823
79	1865
79	665
79	1614
79	1639
79	1808
79	2028
79	1721
79	1950
79	1871
79	1870
79	144
79	2027
79	1860
79	1869
79	146
79	143
79	2235
79	2236
79	2237
79	2231
79	2238
79	2239
79	2240
79	2241
79	2242
79	2243
79	2244
79	2245
79	2246
79	2247
79	2248
79	2249
79	2250
79	2251
79	2252
79	2253
79	2254
79	2255
79	2256
79	2257
79	2258
79	2259
79	428
79	2260
79	2261
79	2262
79	2263
79	2264
79	2265
79	2266
79	2055
79	2347
79	2349
79	1244
79	2351
79	2352
79	2354
79	64
79	2356
79	1768
79	2357
79	2358
79	655
79	614
79	1679
79	2359
79	2360
79	2361
79	2362
79	2455
79	2456
79	2457
79	2458
79	1057
79	2459
79	2460
79	2461
79	2462
79	591
79	1624
79	2463
79	2464
79	2465
79	2466
80	31
80	62
80	107
80	64
80	2569
80	2595
80	2591
80	1254
80	2568
80	2566
80	130
80	2593
80	1128
80	2
80	2506
80	785
80	2594
80	2508
80	804
80	707
80	430
80	33
80	2511
80	2570
80	2097
80	2572
80	2510
80	1270
80	2589
80	2513
80	2509
80	841
80	1630
80	1098
80	2571
80	1168
80	1796
80	2564
80	2592
80	1388
80	2565
80	2737
80	165
80	2740
80	2742
80	78
80	2745
80	132
80	160
81	63
81	58
81	650
81	736
81	1440
81	2654
81	2915
81	2925
81	5657
81	21193
81	26853
81	26802
81	36091
81	36894
81	36866
81	102532
81	114439
81	171997
82	100
82	1635
82	2423
82	2560
82	6851
82	17435
82	18269
82	19989
82	23917
82	27186
82	105046
82	114513
82	950086
83	31
83	40
83	125
83	65
83	130
83	155
83	131
83	98
83	100
83	91
83	75
83	159
83	161
83	106
